document_name,topic_0,topic_1,topic_2,topic_3,topic_4,topic_5,sum
" the ultim platform user clinic more one third clinic south korea regist gangnamunni find best clinic check numer clinic within platform enjoy qualifi commun doctor share question concern gangnamunni forum gangnamunni user doctor pitch help 24/7 260k verifi review user complet clinic consult gangnamunni leav verifi review check verifi review choos clinic treatment free recoveri care packag surgeri worri recoveri gangnamunni user book clinic visit though complet surgeri elig free care packag worth 100k krw D treatment discount event choos 3,000 treatment special price compar much treatment cost clinic learn pro con home requir app permiss call make call clinic set appoint save save upload photo elect app permiss camera upload photo post you without grant elect permiss you may chang app permiss set go set applic gangnamunni permiss menu If OS version lower android 6.0 may need upgrad recent version order abl chang set inquiri app pleas contact custom center question face issu We unabl follow question submit playstor review due lack contact info issu detail develop gangnamunni healingpap inc. | ceo seung-il hong busi registr number 117-81-81256 virtual transact licens No 2015-seoul seocho-1147 inquiri e-mail cs healingpaper.com",0,0.035560165,0.03917732,0.03477465,0.8244143,0,0.933926435
 If 're artist ever want quick easi draw refer hand head even feet iap without awkwardli pose limb front mirror handi artist refer tool consist sever rotat 3D limb varieti pose use draw you also custom edit pose hand feet skull fulli adjust 3-point light mean easi light refer use 10+ includ 3D head bust handi your paint need know shadow head cast certain angl also avail anim skull pack with differ anim speci great anatom refer creatur design inspir foot rig anim skull pack requir addit purchas new handi v5 edit materi model select turn textur adjust specular tint certain color perfect comic book artist painter casual sketcher featur imaginefx top must-hav app check video demo sign handi newslett inform upcom updat follow handi twitter follow handi facebook,0,0.06404584,0.06911549,0.69561565,0,0.07736079,0.90613777
 the best free virtual makeup period it glam squad pocket more million user count As seen the today show abc new allur seventeen tri look fli world popular easiest-to-us virtual makeup with style creat weekli expert artist partner in-hous beauti squad go-to place selfi makeup fashion enthusiast around world want tri bold lip funki hair color get latest red carpet beauti look peek backstag fashion week it one tap away key more makeup beauti tool custom person style shadow liner lipstick more pre-set hotstyl one-tap look unlimit custom color option pro color palett design look uniqu color combo video tutori favorit youtub artist recreat virtual look irl beauti fashion product recommend daili makeup fashion tip subtl touchup no-makeup glow most accur makeup placement possibl cutting-edg face detect save share look via facebook twitter instagram the maker behind makeup magic perfect365 inc. global leader mobil imag intellig technolog built twenti year research develop world-class intellig imag enabl visual thinking\ capabl 1.5 billion today popular smartphon websit perfect365.com instagram perfect365_offici facebook twitter perfect365,0,0,0.034626547,0.84356236,0.030918345,0.036378637,0.945485889
 b'find stori share webtoon largest webcom commun world home epic saga short stori manga daili comic strip access thousand creator-own comic anytim anywher across genr includ romanc comedi action fantasi horror featur action-pack intern blockbust tower god nobless the god high school suspens thriller sweet home global rom-com phenomenon true beauti adapt major TV stream format dive webtoon origin award-win comic updat weekli discov voic canva creator self-publish seri vibrant divers audienc join webtoon find your stori today follow webtoon instagram facebook youtub twitter join commun 64+ million reader around world websit,0.49813443,0,0.1833969,0.15361969,0,0.06122816,0.89637918
 b'give real-tim read tesla model S X Y diagnost port thi need adapt cabl bluetooth obd2 adapt work availab worldwid germani adapt cabl ship usa/canada scan My tesla read inform diagnost port tesla model S X present visual log later analysi now support model Y just select model insid thi give numer live statist batteri power voltag current temperatur drive unit electr power torqu horsepow rpm temperatur batteri lifetim stat capac estim mileag 12v system current voltag temperatur trip record statist includ regener charg energi current avail model need elm327 stn1110 compat obd2 bluetooth adapt + obd2- tesla diagnost port cabl there least differ plug depend model year obdlink MX bluetooth high qualiti stn1100 base adapt support ST command set highli reccommend ble bluetooth low energi wifi adapt current support most canbu packet decod jason hugh skie.net batteri cell info decod jack rickard evtv.m dc/ac charg counter public `` DB hvac control marc olivi chouinard teslalog.com trip record system idea marc olivi chouinard teslalog.com model decod commun led jwardel contain element android OS exampl code adher apach 2.0 licens Go inform facebook page model specif inform disclaim thi softwar affili tesla motor inform shown meant public may inaccur subject chang disappear car get softwar updat thi inform present entertain purpos learn car work the inform contain scan My tesla mobil `` servic gener inform purpos brsand engin assum respons error omiss content servic In event shall liabl special direct indirect consequenti incident damag damag whatsoev whether action contract neglig tort aris connect servic content servic reserv right addit delet modif content servic time without prior notic thi disclaim licens termsfe gener,0.8981615,0.02043924,0.020785335,0,0,0.024574855,0.96396093
 b'all world local librari offer million ebook audiobook you borrow instantli librari card libbi award-win much-lov librari brows librari digit catalog book classic nyt best-sel borrow enjoy ebook audiobook magazin download titl offlin read stream save space send ebook kindl u.s. librari listen audiobook via android auto use tag creat must-read list book list want keep read posit automat sync devic In beauti intuit ebook reader adjust text size background color book design zoom magazin comic book defin search word phrase read listen read-along kid add bookmark note highlight In ground-break audio player slow speed audio 0.6 3.0x set sleep timer simpli swipe skip forward backward add bookmark note highlight libbi built team overdr support local librari everywher happi read,0.06604185,0,0.74327666,0.06697486,0,0.04473495,0.92102832
 b'experi neat home screen search core featur ai-pow person content conveni trendi shop green dot help find numer inform want download naver enjoy brand mobil experi search-cent home search inform faster you enter search keyword url find inform want find new content right side shop trend left side On right side naver home screen find subscrib news media ai-pow person news you also add differ subject naver interest On left side naver home screen find shop trend person shop item updat daili basi you also check trend hot place entertain inform left side naver home screen find trend keyword search chart you custom trend keyword adjust variou option eventdiscount inform group issu green dot one-stop button variou search servic shortcut green dot locat bottom naver home screen use green dot experi multipl search you conveni move favorit servic use green dot note pleas instal android OS 5.0 later pleasant experi use naver when encount problem pleas send inquiri via naver app set custom center dn hijacking-rel inform contact inform +82-1588-3820 green factori 16th floor buljeong-ro bundang-gu seongnam-si gyeonggi-do,0.79671794,0,0.04841507,0.036478918,0.053043038,0,0.934654966
 find share book love goodread world largest site reader book recommend more million member ad 2.2 billion book shelv goodread servic find get book scan book cover instantli read review save want read shelf get person recommend base tast brows featur book genr discov book 'll love see friend read buy borrow book conveni link track share book search rate review book catalog keep track book want read read add statu updat book 're current read join read challeng help read discuss book messag review group recommend book friend,0.090512805,0,0.629531,0.0896464,0.08583277,0,0.895522975
 pratilipi india largest digit storytel platform present pratilipi comic pratilipi comic popular comic-read platform india find thousand comic book across genr scienc fiction fantasi action/adventur horror humor romanc download today start read read anywher anytim On way offic break bed pratilipi comic app put million comic indian languag fingertip pratilipi comic perfect blend classic old new-ag comic there need go hunt favorit classic comic strip find tap finger pratilipi comic instal take trip back past read chacha chaudhari billoo pinki tenaliram motu patlu shaktiman lot ye curat collect comic read download comic android phone read anywher anytim without worri carri book pay singl paisa ... ye awesom featur read go anytim anywher download read offlin subscrib next episod share stori friend build commun continu read left seamless experi get personalis recommend read everyday rate review stori read commun better top comic avail chacha chaudhari billoo pinki tenaliram shaktiman motu patlu day rikshawal yug footstep the adventur chudail agniputra abhay dashavatar vikram betal how start pratilipi comic download pratilipi comic read popular genr save favourit librari thi complet free payment detail requir join pratilipi make world better place one read time ``,0.34593216,0,0.541501,0.03178848,0.030229822,0,0.949451462
 X launcher design base latest ios13 style theme phone look phone X No ad It complet chang appear oper phone give unpreced experi featur No ad We remov annoy ad pro accident disturb concentr immers os13 style control center swipe open control center set wifi network bright volum take photo quickli variou theme We design cool theme store provid variou theme adapt theme select bring smooth interfac os13 experi latest wallpap icon set the rich icon phone X librari latest wallpap give comprehens experi We also custom icon pack popular app io style custom the icon name modifi you choos local imag crop icon you chang number row column launcher power app manag swipe open app manag find local app drop desktop quickli appl style folder We design io style folder drop anoth creat folder weather time widget We provid weather time widget long press screen drag screen you weather forecast recent day hide app hide app n't want display launcher app unread notif In version ad function notifi unread messag turn app notif set grand permiss facebook twitter app select show new inform tip worri miss import inform We request storag permiss save download theme wallpap wallpap current use android system We work hard add new ad step step futur releas welcom provid feedback ``,0,0.30803588,0.53401655,0.039438114,0.046080597,0,0.927571141
 b'autoscout24 largest onlin marketplac car europ offer million vehicl with autoscout24 android access onlin car motorbik marketplac anytim anywher save favourit search result view offlin In addit vehicl search autoscout24 android app also offer magazin area interest test report everyth car purchas sale car ______________________________________________ and thi IS how you start your car search choos model price criteria conduct local search save sort search result price color criteria save favorit call seller directli via ______________________________________________ the function AT A glanc car motorbik search search whole europ ger FR IT ES NL AT lux BE RU individu arrang result price registr date mileag perform save search save individu search option easili one inquiri next time favorit view favorit car offlin synchronis favorit web pictur galleri preview zoom direct contact seller chang import data ad i.e pictur price mileag link share ad famili friend via email facebook twitter autoscout24-magazin interest test report vehicl car car purchas sale ______________________________________________ Do question comment write us apps-com autoscout24.com,0.057324458,0,0.054528207,0.04311046,0.7734761,0,0.928439225
 b'rebuilt ground blaze fast incred stabl improv interfac An unparallel experi infinit canva pan zoom rotat intuit path edit boolean oper align distribut object superior tool experi four type symmetri unlimit layer unlimit undo histori slider scrub start finish easili construct shape pen tool draw 3D cityscap five differ perspect guid text tool horizont vertic circl text path streamlin interfac it simpl it organ it way move favorit tool top bar quicker access drag color wheel two finger advanc transform tool translat scale rotat flip distort skew gradient pattern fill rotat flip canva automat shape detect grid refer snap vector turn imag fulli edit vector path import export import export svg add imag galleri camera search web export imag jpeg png svg share infinit studio commun instagram search million color palett pattern via colourlov artwork provid nubi creativ rey zilva ardiansyah ale sunarnov mad matt,0,0,0.049108084,0.04244832,0.034245834,0.8171538,0.942956038
 b'to verifi cvtz50 compat elm327 adapt vehicl pleas cvtz50 demo main read clear cvt diagnost troubl code read clear engin diagnost troubl code read clear cvt fluid deterior adjust engin brake level adjust idl rpm ignit time idl air volum learn murano z50 relat vehicl produc cvt data monitor real-tim monitor cvt paramet temperatur pressur troubl code gear ratio step motor posit torqu convert lockup collect display monthli statist temperatur condit pressur milag fluid deterior support nissan murano z50/z51 partial support vehicl equip jatco cvt nissan teana x-trail qashqai juke note tiida sentra wingroad mitsubishi outland lancer renault koleo other hardwar requir phone tablet run android 4.2+ bluetooth wifi adapt elm327 revis 1.5 lower function might significantli limit use genuin adapt revis 2.0+,0.8259348,0,0.040604472,0,0.035067767,0.03502685,0.936633889
 want draw someth creativ paper thi sketchbook draw suit perfectli just pick color start draw easi you either save draw file print share directli email social network friend fun thi sketchbook give flexibl draw anyth want touch finger thi huge popular sketchbook draw quick sketch provid mani use function undo/redo chang background color use imag background you option prevent devic fall asleep you also chang brush size eras mess someth It support insert color either select huge palett enter color hex code the support mani differ format png jpg svg vector with format abil sketch howev want thi sketchbook draw kept everyth easi creat masterpiec without worri complic navig control you either draw someth scratch draw open file play around sketchbook It perfectli usabl either famili children play game after everyon piec artist you find fanci advanc tool brush font filter suppos use fun thi draw kept view easi artist anyon without stuck technic contain ad unnecessari permiss It fulli opensourc provid customiz color check full suit simpl tool facebook reddit Do n't forget uninstal paid within hour automat refund If want refund anytim later contact us hello simplemobiletools.com that make easi tri,0,0,0.05396496,0.061161388,0.6279499,0.19103415,0.934110398
 upgrad premium edit popular ebook reader featur avail premium version read aloud via android text-to-speech googl translat integr built-in support pdf comic book format thumbnail librari view main ebook format epub includ main epub3 pdf kindl azw3 mobipocket fb2 .zip other support format comic book cbr/cbz rtf doc MS word html plain text To assist read foreign languag fbreader dictionari integr look word phrase you choos wide select extern dictionari In fbreader premium translat sentenc without leav applic use integr googl yandex translat fbreader support synchron librari and/or read posit fbreader book network googl drive base cloud servic the synchron disabl default enabl configur prefer dialog fbreader fast highli customiz extern truetype/opentyp font custom background screen bright adjust read slide finger up/down along left screen edg differ day/night color scheme select thi reader also includ browser/download access differ network ebook catalog store sever popular english french russian chines polish librari includ custom opd catalog support altern download book manual save devic /sdcard/book In addit reader local languag includ hyphen pattern languag,0.030154089,0,0.8328618,0,0.031329587,0.047451325,0.941796801
 b'the best way acknowledg conveni download start use order taxi transport differ rate citi interc trip trip railway station airport payment cash card discount promo code sinc develop innov taxi order technolog servic modern access safe our servic help million peopl save money make citi trip travel price If need cheap taxi everi day economi rate If appreci comfort choos comfort rate We also minivan buse freight transport you see trip price press order button use plan expens Do worri traffic situat pay extra thing specifi order It conveni pay trip cash card you person account refil whenev necessari corpor famili trip It easi discount trip promo code regular custom servic order you order trip fill from where address field use citi map you also locat track function smartphon An advanc order help plan trip conveni time In wish trip necessari addit specifi inform children anim luggag anoth contact phone number order taxi phone anoth person launch wear OS smartwatch see statu order free car driver movement order address display map you share trip track way It import parent want know children safe trip rate affect driver rate help improv servic countri russia azerbaijan armenia belaru bulgaria georgia indonesia itali kazakhstan kirghizia malaysia mongolia republ cypru tajikistan uzbekistan ukrain montenegro czech republ citi our servic alreadi acknowledg citi world moscow volgograd yekaterinburg kaliningrad irkutsk krasnodar novosibirsk omsk saint petersburg almati astana petropavlovsk poltava khrarkiv sumi brest mogilev vitebsk batumi tbilisi gori varna plovdiv sofia khujand baku sumqayit ganja bishkek jakarta denpasar milan santiago,0.8724815,0,0,0.037677284,0.024524657,0.023948682,0.958632123
 work home earn money onlin smartphon meesho india onlin money earn app now earn money home easier ever start onlin resel busi meesho resel lakh+ product rang 150+ categori earn money onlin zero invest absolut risk how To earn money onlin with the meesho app just select product whatsapp facebook contact share imag from product sare kurti dress footwear accessori meesho offer huge varieti product earn commiss everi product sell includ extra incent cash bonus meet sale target start resel In three simpl step brows download meesho sign continu brows sever product wholesal price you also notif product pictur catalog detail share onc find product think sell share friend famili exist custom network whatsapp instagram facebook order with meesho one-click share option get order never easier earn onc order start pour add margin price commiss price product collect payment custom place order behalf meesho work basi commiss earn ad profit margin everi sale made account apart commiss meesho also offer weekli cash bonu reward order place meesho india top resel trust crore resel earn money onlin meesho empow women entrepreneur housew student anyon will start part-time/home-bas job without invest We best resel women want work home whi Is meesho app the best onlin earn app In india high-qual product connect amaz network wholesal suppli high-qual trend product custom love We also conduct regular qualiti check ensur custom product best qualiti assur lowest wholesal price sinc product meesho sourc directli wholesal supplier manufactur everi product meesho avail factori price easi return are satisfi product No worri meesho offer easi return option the finest custom support want resolv queri place order product ship refund commiss payout statu anyth relat onlin resel busi call custom support team 080-61799600 email us help meesho.com cash On deliveri cod avail there better way build trust increas sale offer cash deliveri payment option custom onc custom get producthey order meesho deposit commiss straight bank account time payment and money secur At meesho valu money anyth the supplier wholesal paid receiv product satisfi the commiss earn sale get credit automat bank account and let forget weekli cash incent place order grow your custom base learn grow custom base tip social sell meesho busi academi your custom contact remain safe us meesho never reveal name custom start onlin resel busi meesho today,0.016041385,0,0.01613595,0.91330564,0.024719343,0,0.970202318
 the paid ebook reader googl play day money back guarante better design book reader power control full function support epub pdf djvu azw3 mobi fb2 prc chm cbz cbr umd docx odt rtf txt html MD markdown webp rar zip opd format addit benefit pro version ad-fre faster smoother shake phone speak text-to-speech tt engin support pdf multipl annot support fast speech compat more beauti theme background imag font headset bluetooth key control name replac | role revers multi-point touch support option password protect startup support fingerprint recognit book home screen shortcut widget shelf support group favorit book put desktop widget tilt turn page custom action custom email support pdf pro version fill pdf form highlight annot handwrit smart scroll lock smooth read experi night mode support addit pdf theme avail dual-pag mode landscap screen speech auto-scrol compat read statist sync flip anim avail the key support onlin ebook librari person calibr ebook server read local book smooth scroll ton innov standard function full visual option line space font scale bold ital shadow alpha color fade edg etc 10+ theme embed includ day night mode switcher variou type page touch screen volum key even camera search back key custom oper screen click swipe gestur hardwar key appli custom event search bookmark theme navig font size auto-scrol mode roll blind mode pixel line page real-tim speed control adjust bright slide finger along left edg screen gestur command support intellig paragraph indent paragraph trim unwant blank space line option keep eye health option long-tim read real page turn effect custom speed/color/transpar page flip anim My bookshelf design favorit download author tag self bookcov search import support justifi text align hyphen mode support dual page mode landscap screen support four screen orient epub3 multimedia content support video audio popup footnot support backup/restor option cloud via dropbox/webdav sync read posit phone tablet highlight annot dictionari offlin onlin support colordict goldendict abbyy lingvo etc translat share function moon+ ebook reader bluelight filter eye care local languag english catal esk dansk nederland eesti suomi franai galego deutsch magyar indonesia italiano persan polski portugu portugu brasil romn slovenskch slovenskega espaol svenskt trk vit -faq,0.015211057,0,0.9146375,0.023778126,0,0.019085003,0.972711686
 b'we sketchbook We photoshop We procreat We infinit painter superior brush the advanc paint engin tablet 160+ natur brush preset creat brush chang brush set eas brush interact realist paper textur superior tool A place everyth experi four type symmetri layer photoshop blend mode creat clean line guid line ellips pen lazi protractor draw 3D cityscap five differ perspect guid select clip mask superior interfac everyth place it simpl it organ it way organ workflow paint sketch paint blend clone turn photo paint edit adjust color liquifi pattern crop add filter move favorit tool top bar quicker access advanc transform multipl layer simultan transform tool translat scale rotat flip distort skew creat seamless pattern pattern tool liquifi tool move bloat pinch swirl rippl gradient pattern fill refer imag rotat flip canva import export import export psd layer add imag galleri camera search web export imag jpeg png psd zip share infinit painter commun pen.up instagram search million color palett pattern via colourlov artwork provid andrew theonphilpoulo dwight_theartist constantin rotkevich piotr kann dian kay ssecretgarden gadelhac rapcor sunyu,0,0,0.030242147,0.033083394,0.03183653,0.8547344,0.949896471
 b'dictionary.com lead ad-fre english dictionari android So mean well defin weve got 1.5 million definit synonym help improv vocabulari studi sat prep act boost word with friend skill instal offlin dictionari access wordswherev whenev get trust refer content dictionary.com thesaurus.com design english learner get help spell learn word use voice-search find dictionari definit without type singl word discov thesauru synonym antonym enhanc act sat prep say word correctli in-app pronunci find definit learn spell studi grammar practic pronunci within one explor host educ design help pick vocabulari includ word day languag trend your dictionary.com premium includ exampl sentenc grammar tip idiom phrase rhyme dictionari encyclopedia medic dictionari scienc dictionari ad-fre experi,0.05869241,0,0.6863289,0.08881794,0,0.064707145,0.898546395
 find job take first step trust network linkedin linkedin bring busi network commun tool need develop career job search easi linkedin stay date relev open linkedin Go up-to-d job list busi news million connect everi industri right fingertip filter million open custom recommend take next step career safe appli next posit resum profession profil tap straight grow network busi contact stay date compani follow thought leader take first step ad busi connect send inmail messag join group chang linkedin help start convers need find job job seeker look employ busi network busi news industri buzz Do linkedin find job hire near linkedin ask busi contact referr check onlin job share post convers fellow profession boost odd get hire No matter 're 're look linkedin make job search easi grow connect friend colleagu compani industri expert rest linkedin commun reason youll love linkedin job search recruit find posit suit skill appli busi network network request referr stay date contact job finder research compani your interest see open role busi news get relev news deliv via daili rundown write social network creat profil keep date resum onlin highlight skillset take first step search job develop busi contact connect recruit appli next job linkedin linkedin app featur job search app career finder find job hire appli use linkedin profil and/or resum find job recruit find contact appli job everi type profess salari hourli part-tim remot job alert open might interest career found everi field busi network network go connect contact easili find industri expert follow compani influenc profession social network busi showcas compani product find opportun start convers easili contact busi new share articl linkedin commun busi contact busi news relat industri help stay date write post connect commun resum profil appli job use linkedin profil easili submit resum job keep linkedin profil date virtual resum highlight experi share accomplish job respons skill profession profil social network connect largest social network profession around globe import contact quick easi way grow network find job job search tool recruit industri expert career opportun fingertip the linkedin perfect way network appli job find contact straight phone wherev want linkedin upgrad premium subscript exclus tool We ask permiss here,0,0.013442869,0.01414205,0.016258448,0.9297997,0,0.973643067
 b'onc instal premium key unlock premium printershar mobil print applic howev pleas note use one need instal main printershar mobil print order print printershar mobil print support wide varieti HP officejet laserjet photosmart deskjet model includ HP officejet 100/150/200/250 mobil seri HP officejet h470 epson artisan workforc stylu seri canon pixma mp/mx/mg seri brother kodak samsung dell ricoh lexmark kyocera oki printer includ legaci network A full list support printer avail you also print unsupport legaci printer comput softwar mac window avail here list printer support printershar make sure printer support also pleas print test page purchas premium key with printershar instantli print offic document bill invoic word excel powerpoint pdf text file directli tablet phone intern memori SD card cloud sourc googl drive googl doc printer right next anywher world premium featur unlimit nearbi direct print via wi-fi bluetooth usb without PC unlimit remot print the receiv end window mac would buy page subscrib have good print,0.047870543,0.033765007,0.04591923,0,0,0.8073996,0.93495438
 librera reader pro easy-to-us highli configur read support popular document format includ pdf epub epub3 mobi djvu fb2 fb2.zip doc docx txt rtf azw azw3 cbr cbz html xp mht with simpl yet power interfac librera make read verit pleasur It even rsvp read uniqu hands-fre musician mode support auto-scrol configur pace librera reader main includ easi document discoveri option-rich configur list auto-scan user-specifi folder brows catalog disk folder in-app file explor recent favorit folder progress percentag bar access use command menu support bookmark fix movabl annot individu configur day night mode support mani popular onlin translat integr major offlin dictionari vertical-scrol lock auto-cent manual center zoom page single-pag view dual-pag document musician mode configur scroll speed read-aloud capabl via tt engin choos highli sophist configur read rule fast easi document search word search multipl document multiple-word search onlin document format convers support archiv book .zip support right-to-left languag persian/farsi hebrew arab etc last-read page applic start support onlin catalog opd book search download rsvp read la spritz read support custom css code better read experi support custom tag group sync read progress setup across multipl devic and mani mani ... with librera reader one easili creat self-maintain librari document specifi format includ folder scan display librari list grid layout sort book appli filter path name size date etc even filter help locat specif document document group e.g. recent all document easili identifi thumbnail cover detail descript document read lock vertical-onli scroll mode set flip page- screen-wis librera reader support text reflow annot pdf document configur function volum key customiz fore- background textur solid-color excerpt entir page translat share copi search internet share app read loud use instal tt engin the list goe thi mean way truli appreci librera reader tri start ad-support version decid you wo n't disappoint onc 're convinc pleas consid turn version librera pro purchas pro licens help us develop amaz app former name lirbi reader pdf reader pro,0,0.019633796,0.8978832,0,0.021290591,0.024816878,0.963624465
" 9,900 9,900 tt pdf dropbox help ridibooks.com 6.0 6.0 ID 3.0 6.0 OS // tt",0,0.13596833,0.1747448,0,0.31711245,0.15241517,0.78024075
 b'cdisplayex light effici cbr reader also popular comic book reader It abl read comic book format .cbr file .cbz .pdf etc .. manga everyth design give best comic read experi load comic book immedi read fluid comfort benefit pro version access mega googl drive dropbox onedr continu page horizont vertic advanc page scale option allow pre-set number move reach opposit edg page open file network without download entir samba night mode chang interfac languag No ad you simpli brows folder find read comic need manag librari integr simpli indic comic reader group comic seri offer next album read collect An integr search allow find volum instantli the player also allow connect network share preload file phone tablet perform search,0,0.05664938,0.47123668,0,0.23282509,0.14168179,0.90239294
 b'over three million user chose turboscan thank support turboscan turn phone full-featur power multipag scanner document receipt note whiteboard photo everyday text with turboscan quickli scan document high qualiti store send multipag pdf jpeg file turboscan use advanc fast algorithm accur detect document edg straighten document correct perspect elimin shadow set perfect contrast black white turboscan boast power yet easi interfac get instant one-tap bright rotat color control one screen turboscan also offer surescan proprietari scan mode sharper scan especi use low-light condit surescan requir take three pictur document phone camera turboscan\ handi `` email featur let send document predefin address even upload onlin storag site evernot singl tap all process happen phone confidenti data never compromis internet connect need turboscan featur automat document edg detect perspect correct surescan mode sharp scan ultra-fast process second per page document name storag insid search multipag edit add reorder delet page copi page store scan email featur quick email email document pdf jpeg png save camera roll arrang multipl receipt busi card pdf page open pdf jpeg app dropbox evernot googledr onedr etc send cloud fax app print via cloud print print app instant one-tap bright rotat color control compact attach adjust size tip ON scan make sure document flat well lit for best edg detect includ margin around document shoot use flash low light condit avoid glare glossi document If flash over-satur imag make blurri pleas chang flash option set we\ 're constantli improv turboscan valu customers\ opinion feedback If want send us feedback problem softwar pleas contact us android turboscanapp.com submit comment store,0,0.829498,0.029076094,0.02534697,0,0.074933425,0.958854489
" 17,000 6.0 6.0 6.0 5.0 1644-0579 1577-3754",0.16743165,0.20219503,0,0.12936084,0.24237776,0,0.74136528
" b'were reinvent way discov beauti make you As lead sourc beauti discoveri inspir ipsi combin person product content shop 20,000 product creat ultim beauti experi from well-known well-lov brand tart benefit cosmet nyx makeup IT cosmet smashbox emerg brand around world ipsi bring best makeup skincar bodi fragranc hair nail beauti tool our mobil best conveni way experi ipsi view person product arriv mail choos one product add ipsi glam bag glam bag plu glam bag ultim everi month discov pick share review subscript get better better shop 20,000+ favorit top brand No coupon code magic word need learn thousand makeup tutori face chart step-by-step guidesal help creat endless look onc your ipster your part someth biga commun that leav rule behind make beauti person journey and well way",0.060142875,0,0.045158878,0.78401315,0.041390307,0,0.93070521
 b'microsoft team hub teamwork bring togeth everyth team need chat thread convers meet video conferenc call content collabor power microsoft applic abil creat integr app workflow busi reli you also microsoft team manag person life chat plan share shop list task even locat coordin event fellow club famili member decis quickli team provid singl hub help stay connect organ bring balanc entir life easilymov work person account stay organizedthroughout day whether your sprint toward deadlin help kid homework team help achiev connect commun chat 1-1 group messag dedic channel commun entir team HD audio video call schedul face-to-fac meet almost anywher mention individu team member whole team colleagu attent to-do list calendar cloud storag access right group chat person chat document file secur access organ your whole life file share edit go make manag work project breez intellig search find document spreadsheet photo chat team convers custom notif give control stay focu matter work calendar person calendar one group dashboard view import item share locat upcom task within group chat safeti secur enterprise-level secur complianc expect microsoft locat share let colleagu friend famili know storag safe group store access share import data password frequent flier mile hotel reward number must enabl activ commerci requir paid microsoft commerci subscript trial subscript microsoft team work If your sure compani subscript servic access visit office.com/team learn contact IT depart By download team agre licens see aka.ms/eulateamsmobil privaci term see aka.ms/privaci for support feedback email us mtandapp microsoft.com EU contract summari aka.ms/eucontractsummari,0.73668283,0.0995023,0,0.046866078,0.04376622,0,0.926817428
 b'an accur android taximet design conjunct driver regul join thousand profession driver alreadi use taximet worldwid featur realist led effect appear oper more predefin preset countri link latest preset download internet planet coop add rate charg driver download customiz preset tariff custom preset wizard easi setup lockabl preset/set calendar control tariff auto-switch manual tariff locat control tariff geofenc ahead-of-tim program futur tariff extra item extra program via xml minimum fare tax discount tip yards/met unit hire log text and/or csv format automat send via email integr paypal here squar point sale sumup izettl payment process gener pdf receipt email print android print servic android kitkat later requir link sent via sm view QR code cloud storag enabl receipt print planet coop po print compat bluetooth mobil printer requir roof light control compat bluetooth switch requir event log alert resett total talk taximet sight impair use on-board diagnost obd speed data calcul distanc instead gp obd-ii compliant vehicl elm327 compat bluetooth wi-fi usb obd-ii adapt requir If plan usb adapt check devic run android 3.1+ support usb host mode obd calibr function support wireless gp receiv use preset updat servic automat keep rate up-to-d data log log gp posit meter state fare cloud incur small monthli charg contribut server cost A basic onlin track facil avail choos option api integr third parti dispatch system remot api access differ devic network possibl use taximet proxi servic backup restor set support samsung multi window LG dual window android multi-window screen saver float widget user guid link applic privat hire medic transport limousin courier airport transfer avoid rip oversea carpool famili `` taxi visit websit link user guid preset inform ...,0.16910903,0,0.6380063,0,0.030474458,0.1087309,0.946320688
 abbyy finescann first ai-pow smart mobil scanner type document forget desktop scanner forev finescann turn mobil devic power all-purpos tool creat electron copi pdf jpeg An advanc optic charact recognit technolog extract text scan even without internet connect the extract text avail edit share popular offic format includ word excel pdf finescann AI top mobil scanner android abbyy digit intellig compani finescann describ photo scanner receipt scanner slide scanner busi card scanner book scanner time It essenti scan tool scan paper document agreement receipt magazin articl note recip pictur chart tabl slide book whiteboard even billboard street perfect digit copi rank busi applic countri winner superstar award 'document captur categori mobil star award abbyy finescann AI get digit copi print hand-writ ten paper save scan jpeg imag cross-platform pdf document the smart galleri automat classifi document type A4 book busi card handwritten id doc receipt search text photo type text contain photo search field galleri finescann find photo text instantli extract text scan txt format right devic without internet connect recogn text ocr scan languag includ latin cyril chines japanes korean alphabet choos output format docx xl pdf txt preserv origin document format list tabl header premium account internet requir creat edit enhanc separ imag larg multi-pag document effortlessli page per file get excel visual qualiti auto-captur page boundari advanc imag filter process scan color greyscal black-and-whit version save scan insid differ tag search capabl share export result anywher send e-mail messeng save favorit cloud storag googl drive autoupload featur box evernot dropbox yandex.disk join read us mobileblog.abbyy.com/en facebook.com/abbyymobil twitter abbyy_mobile_ww youtube.com/abbyymobil corpor volum licens If interest volum licens compani custom pleas contact us mobil abbyy.com leav review finescann AI make life easier We valu opinion,0,0.024276698,0.039832048,0,0.029551154,0.8649677,0.9586276
 b'papercolor excel paint applic imit paintbrush draw doodl graffiti easi paint learn paint We differ style paintbrush colour librari help creat perfect artwork whether journey stay alon In parti want wast time airplaneit best applic draw phone tablet exquisit draw tool handwrit signatur pen finish work there mani tool imit paintbrush ruler eras mark photo draw pictur enjoy paint time An paint applic easi help show base map help learn draw straight way choos photo base map set transluc dexter scale fingertip enjoy draw experi tool color finish artwork share internet show,0,0,0.08901978,0.1278386,0.07692173,0.5888832,0.88266331
 2019.11 2019.04 2. IT 6. 7. nc sn helpdesk jobkorea.co.kr mobil jobkorea.co.kr 1588-9350 1. 2. 3. jobkorea app readi next career move from search appli find job jobkorea korea\ job search applic fast precis `` smart search search result keyword locat appli submit jobkorea resum mobil devic access member exclus servic receiv instant job alert notif inform cover letter exampl interview review salari job post avail employ recruit 1588-9350,0.073825665,0.065493576,0,0,0.6731082,0.07520788,0.887635321
 skysafari plu goe beyond basic astronomi star map app provid full-featur space simul telescop control note discount upgrad path skysafari plu skysafari pro choos care here version cloud astronomi two word rare go togeth rewritten ground skysafari plu option back observ data secur cloud storag easili access multipl devic well web interfac livesky.com We have the best star precis modern deep weve updat star catalog latest greatest ucac5 star catalog We have the best galaxi the pgc catalog includ galaxi 18th magnitud observ first A redesign tool put activ observ first quick access equip observ site list observ easi enjoy observ record observ graph It the complet graph tool give quick visual represent object altitud horizon essenti plan night observ plan It make time star our updat planner power tool let creat list target observ session filter object type specif time rang constel catalog plan done tilt It everi old astronomi day let tilt pan devic show differ part sky els let control telescop way tilt slew option mode allow keep eye eyepiec use acceleromet devic gentli translat movement hand smooth telescop motion share It skysafari mobil sky map system help organ share observ experi with signup see share observ data web portal livesky.com afford premium membership add onlin edit view edit observ add observ site manag equip final view edit manag set file skysafari web fulli function web version for even gigant databas aim dedic amateur profession astronom check skysafari pro,0.03357116,0,0.8372856,0.029165877,0,0.051130585,0.951153222
" b'share kind love valentine\ with canva show appreci fam friend card creat photo collag pet make facebook post hobbi passion design insta stori anyth inspir easili extra add video anim effect music even text effect canva make design video edit amazingli simpl fun creat stun logo poster video montag photo collag even your design expert canva versatil graphic design instagram stori maker video collag creator use book mood board creator well design instagram highlight cover instagram stori crop post creat logo banner social network facebook pinterest twitter you also birthday invit wed invit stay brand logo creator logo design busi card poster instagram post avail phone comput jump back design anytim anywher how use canva start scratch ready-to-us design creat design blank canva save time 60,000 free templat creat profession design includ logo video No need tutori hand draw design use logo design logo maker poster video editor tool masterpiec use perfect imag upload pictur video devic galleri pick librari premium photo illustr perfect logo poster video edit add text photo video easili add quot multipl text graphic chang font we\ 've got 500+ option size color space posit edit pictur pro use imag editor appli photo filter chang bright add vignett show world share design directli instagram whatsapp email simpli save devic use canva social media creat memor instaquot instagram highlight cover instagram highlight icon maker instagram stori maker creat facebook post facebook cover design pinterest twitter banner thumbnail + video edit youtub make card evit photo collag canva pictur maker poster creator logo creator social media use canva everyth logo design book cover blog design project evit event birthday card maker wed invit maker evit creator simpl imag edit photo collag maker flyer maker banner maker occas design motiv quot humor meme stun instagram stori templat free instagram video movi maker editor edit video templat parti invit maker school poster maker video banner maker for busi logo editor brochur resum present promo poster maker creat design quickli use search find templat faster type theme `` birthday card `` babi photo collag `` sale flyer save date card `` music poster maker `` beauti social media post collabor canva creat team easili share edit design friend colleagu work togeth present busi card brochur design need upgrad canva pro set brand color upload brand font canva make you look good use canva invit creator poster creator logo maker onlin invit maker busi card maker add video next instagram stori come life follow canva instagram design tip got feedback permiss read_external_storag add imag photo galleri camera/write_external_storag take photo store design galleri",0,0,0.017562702,0.9245919,0.017642997,0.015646124,0.975443723
 b'all imag process done devic No document go onlin without desir `` mdscan mobil doc scanner android one best I found TJ mccue senior contributor forb take pictur camera edit use mani enhanc save prefer format share social media email cloud servic not satisfi well refund mdscan mobil doc scanner allow scan type document use phone camera thi could receipt text page coupon poster magazin articl invoic pictur print document how work take pictur camera choos edit option select unenhanc easili adjust scan area use border page confirm scan set dimens readi preset avail choos filter enhanc qualiti option save export pdf jpg share social media email cloud server more detail inform thi mobil scanner perfect go anywher anytim with varieti preset mdscan guarante great experi automat function suitabl busiest user look scan pdf document mobil devic camera If look mobil scan applic automat detect border correct distort equal bright creat clear legibl document definit right page speak great user experi automat function mdscan integr seamlessli cloud storag servic googl drive dropbox In addit send scan document email servic facebook messeng twitter app instal devic thi scanner shine term upload second come convert pictur taken phone\ camera legitim document busi purpos with mobil doc scanner mdscan + ocr add multipl page easier ever whenev want scan page need press caption button your set all scan document page store avail My scan field you also tri batch mode allow scan multipl page within second there featur call process page later spi mode allow scan mani document want without face process delay Of cours work photo document alreadi save file system whether pdf file regular pictur edit option scan pictur camera anoth great featur document scanner offer ocr optic charact recognit stand electron convers imag type handwritten print text machine-encod text whether scan pdf file photo took version mobil doc scanner mdscan + ocr guarante fast perform user-friendli interfac profession result let sum download mdscan convert imag pdf format document edg detect perspect correct improv imag qualiti quick scan multi-pag document share easili upload instantli money-back guarante user satisfact main goal question suggest improv mobil doc scanner mdscan + ocr contact us support email We best respond soon possibl,0,0.027713615,0.027739216,0.02646416,0,0.88233674,0.964253731
 find job inde job search built help everi step way get access million job post person search connect employ submit job applicationsal inde from search appli inde help entir process find job that right search search job titl compani salari locat find full-tim part-tim contract freelanc internship posit tailor search view post ad sinc last visit explor job inde suggest specif person follow compani latest job post let employ find upload resum creat account see job youv visit save appli creat alert notifi specif job research use career guid prepar stage job search process get access million compani review see user score compani work happi review salari job titl compani locat appli appli use inde resum easili appli job person messag job appli messag employ ask question highlight qualif track applic statu multipl job By download agre inde cooki polici privaci polici term servic found may avail right time includ right object legitim interest person data market purpos In order provid certain servic support ad attribut user data IP address uniqu identifi event data relat instal inde app may share certain servic provid download instal thi perform legitim interest allow inde understand optim user complet custom journey help us understand user arriv inde better measur perform ad facilit user login third parti account certain case help us understand user access inde differ devic pleas send feedback android indeed.com comscor total visit march Do not sell My person inform,0.051887203,0,0,0.039847255,0.34613833,0.49700987,0.934882658
 b'seri new read habit cultiv smart read habit seri set heavi book asid start smart read smartphon tablet massiv onlin bookstor novel addict page-turn comix includ korea popular comic intellig viewer seri viewer easi eye simpl chang font size line height background color bright start left even your use multipl devic My own handi librari read smartli seri download book read offlin rent book delet automat rental period expir experi difficulti use seri the naver custom center happi help seri await valuabl input naver custom center email inquiri navercc naver.com,0,0.45671782,0.30698293,0.065955736,0,0.062506035,0.892162521
 A perfect storytel tool anim pocket If want learn draw cartoon becom filmmak time profession tool tri anim creator simpl enough use even kid draw cartoon anim editor allow creat movi you n't need draw everi frame smooth motion instead draw keyfram intermedi frame built automat assign face friend charact add voic attain fame anim maker creativ storytel featur skelet anim charact move doll everi frame smoothli transform next one numer built-in model export anim video share voic item editor constructor make charact use draw tool import exist draw how draw charact just skeleton paint bone anoth way applic make comic stickman famou peopl comic maker tool,0.054726318,0,0.04945499,0.67730397,0,0.13088991,0.912375188
 b'want move scanner the simpl scanner pdf document scanner applic turn phone portabl scanner scan document photo receipt report anyth the scan save devic imag pdf format name organ scan folder share follow way automat upload jpg pdf file cloud disk backup restor synchron file multipl devic e-mail print fax ocr tag other function dropbox evernot googl drive whatsapp wifi connect directli comput support import pdf file jpg support ad tag quick file search support ocr text recognit export text the latest version support file save SD card support system android 4.4 the document scanner applic need mobil phone document automat remov clutter background gener high-definit jpeg pictur pdf file A varieti imag process mode manual adjust imag paramet mobil phone paper document quickli turn clear electron draft scan color grayscal black white can use offic school home place want automat detect page edg level contrast clear monochrom text set pdf page size letter legal A4 etc thumbnail list view sort date titl simpl scanner optim run fast quick search document titl use password protect document gener A singl applic work phone If simpl scanner comment pleas take moment write us comment simpli email us simple.scann outlook.com help us improv product give better experi,0.036604714,0.043510027,0.090858795,0,0,0.76848906,0.939462596
" pratilipi read write get involv pratilipi india largest digit platform connect reader writer indian languag read lakh+ stori book poem articl magazin novel essay etc 2,50,000 writer connect world 2.3 crores+ reader 2.5 lakh+ writer download today start read write origin stori languag read anywher anytim On way offic break bednev without bookuilt book lover pratilipi put million stori novel poem audio book english number indian languag fingertip pratilipi perfect blend classic old new-ag literatur old wise writer inspir write wherea writer feel young restless write share stori reach million reader have stori tell self-publish pratilipi join largest commun writer creat draft add imag publish right pratilipi provid hassl advanc writer panel act write littl less scari whole lot comfort connect never alon they say take villag rais child At pratilipi say take commun writer We stori tell the dialogue-stimul commun pratilipi bring writer reader singl destin platform ye curat collect stori read download stori android phone read anywher anytim without worri carri book pay singl paisa ... ye awesom featur read go anytim anywher download read offlin add stori wish list dont miss anyth share stori friend build commun continu read left seamless experi get personalis recommend read everyday rate review stori read commun better author profil read stori favourit author publish stori earn recognit commun million reader read write differ languag explor best content never pratilipi stori current avail follow languag hindi stori tamil stori marathi stori gujarati stori kannada stori telugu stori bengali stori malayalam stori english stori punjabi stori odia stori urdu stori categori short stori love stori romanc stori scienc fiction stori action adventur stori travel stori ghost stori mysteri stori women health children stori suspens thriller stori motiv stori social stori best stori kid stori popular stori classic fiction comic poem audio stori how start pratilipi download pratilipi read popular genr save favourit librari self-publish pratilipi join largest commun writer thi complet free payment detail requir join pratilipi make world better place one read time ``",0.024734452,0,0.90284705,0.022743925,0.019102214,0,0.969427641
 spectacular interact 3D simul moon right shadow crater earthshin dark side touch screen control chang date time seen locat phase track everi move use two finger spin moon see far side zoom see lunar close featur googl play editor choic stellar app stargaz space explor yahoo new best stargaz app appolici best moon phase android app lunescop 'll find moon includ for date/loc instantli show phase crescent angl librat rise/set time nearest syzygi zoom detail lunar map 2500x magnif detail surfac show supermoon blue moon black moon display lunar eclips exclus visual chang phase touchscreen direct date entri finger drag rotat 3D moon simul choic imageri high definit maximum realism includ dynam shadow crater mountain etc lunar calendar show month phase glanc data pane give addit detail azimuth altitud distanc apoge perige zenith astronom option lunescop perfect companion telescop configur notif phase eclips live wallpap resiz home screen widget option moon info text wear OS watch face show imageri plu option abbrevi data suppli moon data imageri via complic wear OS watch face also includ wear OS tile show moon phase data alongsid exist watch face fulli optim chromebook tablet formerli moon phase pro phase,0.03310179,0.03017392,0.8533661,0,0,0.02828511,0.94492692
 anydesk fastest afford remot control softwar world access devic platform window maco linux android io find inform fast secur free person anydesk enabl remot desktop oper unparallel perform such video/imag edit administr teamwork anydesk provid banking-level secur use tl 1.2 encrypt 4096-bit rsa key exchang anydesk alway person for commerci purpos visit how TO use launch anydesk devic enter anydesk ID display remot side confirm session reliabl access all app file set alway instantli avail easi collabor anydesk partner onlin teamwork quickli join team work text pictur sourc code achiev togeth relax remot mainten thank anydesk one-click unattend access set colleagu printer deploy tool depart breez high frame rate anydesk enabl work smoothli without stutter display thank constant fp low latenc In local network anydesk latenc impercept when work remot desktop essenti latenc minim caus delay therefor develop innov codec achiev fastest remot desktop experi effici stream anydesk adapt avail bandwidth We challeng take effici stream limit enjoy smooth session rate kb/ even work cellular data question No problem contact support,0.15727903,0,0.058994614,0.04396814,0,0.662777,0.923018784
 it much conveni take big book ... collin fantast chri packham metro the collin bird guid destin becom real triumph ultim field guid app deservedli birdguid the collin bird guid app combin world-class illustr comprehens inform intuit design creat ultim field guid passion birder casual birdwatch alik the base landmark book lar svensson killian mullarney dan zetterstrm univers acknowledg standard european field guid the collin bird guid app provid everyth need identifi speci quickli learn thoroughli immers except illustr map call concis text use power search filter curat confus list focu speci the collin bird guid app essenti companion alway hand devic featur includ over european speci cover 3500+ beauti illustr killian mullarney dan zetterstrm detail text cover habitat rang identif voic lar svensson record sight locat date list tool power search filter intuit design quickli easili swipe speci curat list confus speci over care select song call mani lar svensson select speci name languag avail english swedish norwegian french german weigh noth the incorpor british trust ornithology/birdwatch ireland/scottish ornithologist club bird atla map data in-app purchas provid comprehens locat map bird guid find creator collinsbirdguideapp.com natureguides.com twitter.com/nature_guid harpercollins.co.uk twitter.com/harpercollinsuk facebook.com/harpercollinsuk If collin bird guid dont forget share rate leav review,0,0,0.031029524,0.031440713,0.8625365,0.026862634,0.951869371
" b'read anytim anywher On bu break bednev without book built book lover kindl put million book magazin newspap comic manga fingertip find your next great read find next great read kindl choos six million kindl book includ audibl narrat magazin audiobook comic start read second explor releas amazon chart best seller titl across genr romanc scienc fiction children book self-help religion nonfict moreand tri book buy sampl subscrib kindl unlimit enjoy unlimit read listen explor million titl thousand audiobook current magazin 9.99 month over 1,000 book magazin comic includ amazon prime with kindl daili deal save select book everi day includ romanc scienc fiction non-fict book young reader GO beyond paper turn phone tablet book kindl appso read anytim anywher explor read kindl read way custom text size font type margin text align orient portrait landscap choos whether turn page left right continu scroll read comfort day night adjust bright background color Go Aa menu book start look word peopl place read breez word dont know charact cant rememb built-in dictionari x-ray wikipedia lookup instant translat search within book simpli tap hold word view definit googl wikipedia link inform track read progress see percent book youv read real page number top titl much time left chapter book base actual read speed bookmark place want revisit highlight take note throughout book open My notebook see note place hop skim jump page flip flip page birds-ey view book page flipdont worri well save place zoom high-definit color imag kindl book magazin comic manga sync book across devic when your read book kindl automat sync left offalong bookmark highlight notesso start read one devic pick left anoth when cant read listen switch seamlessli read kindl book listen audibl book within kindl get notifi author love releas book your interest go deal",0.026185205,0,0.89405674,0.019349074,0,0.024429377,0.964020396
 b'googl play book one need enjoy audiobook ebook purchas googl play choos million best sell ebook comic textbook audiobook download book read listen go when your finish find next favorit recommend person buy audiobook ebook go subscript requir listen TO A great audiobook anywher anytim new audiobook avail googl play buy one mani monthli subscript requir preview sampl audiobook buy pick left android io web browser million OF ebook AT your fingertip preview sampl catalog million book read book comic textbook android io web browser even your offlin tap page watch favorit comic book manga come life bubbl zoom take note sync googl drive share group easi collabor use night light set automat adjust background color bright easier fall asleep,0.07337882,0,0.7107578,0.058041543,0.055844337,0,0.8980225
 your connect car incardoc pro best doctor car check engin code reader diagnost scanner monitor logbook tool read real-tim store diagnost paramet ecu obd-ii compliant car befor purchas pleas check car obd2 scanner compat version incardocr requir elm327 compat obd scanner support obd-ii bluetooth wifi kiwi ble v-gate icar ble veepeak ble carista vinli gps-onli demo mode read incardoc.com limit function avail w/o elm327 possibl gp mode speed altitud pro version real time paramet record read display multipl paramet record paramet background mode view record paramet trace gp trace support upload server extend widget fuel economi acceler overlay present economi data applic screen car diagnost work fault code obd2 scanner read check engin mil state detail relat freez frame data find descript clear store diagnost troubl code dtc allow store share diagnost data look profession service/repair assist pleas note support paramet ecu\ specifi obd-ii standard engin emiss system real-tim paramet read real-tim engin vehicl obd2 paramet pid car sensor speed rotat rpm coolant temperatur pressur O2 oxygen sensor multipl pid avail chart draw analog/digit widget present pleas note exact list scan obd2 paramet depend car make/model/year econom trip comput mode present track car fuel economy/consumpt present in-driv instant averag mpg well per trip per day statist pleas note featur avail appropri obd2 economi paramet maf map+iat+rpm support car for correct calcul may need enter engin displac cubic cm volumetr effici default other logbook note fuel servic record car mainten diagnost gp paramet speed altitud regist upload data web consol mode advanc user direct obd2 elm327 command send custom configur non-standard paramet protocol site avoid simultan run multipl obd-ii read app sure app keep live bluetooth/wifi connect via elm327 obd2 scanner requir permiss devic histori use self- identifi applic background locat extra gp paramet gp speed altitud posit fuel servic search photos/media/fil store read `` logbook debug data direct user\ action other bluetooth relat commun extern obd2 scanner internet relat publish `` logbook record server direct user\ action draw app present economi select paramet app screen warn there report issu use cheap `` clone elm327 mostli mark v2.1 read forum you alway welcom site thank,0.90313274,0.017095778,0.024497665,0,0,0.022120893,0.966847076
 b'use arborist fishermen firefight climber militari boy girl scout world knot 3D quickli teach tie even difficult knot accolad googl play editors\ choic design winner googl play best hidden gem categori includ scout magazine\ `` best scout app with knot knot 3D go-to refer grab rope fun permiss NO internet OR other permiss requir complet self contain product featur function uniqu knot one ad frequent brows categori search name common synonym abok landscap portrait mode full screen zoom see greater detail watch knot tie paus adjust speed anim time rotat knot degre 3D view studi angl interact knot screen `` scrub finger knot advanc rewind anim dark mode light mode No advertis No in-app purchas No subscript ever day refund polici tri knot 3D risk week If would request refund send order number found receipt googl email time purchas support email address languag english arab chines danish dutch finnish french german greek hebrew italian japanes korean norwegian polish portugues russian spanish swedish turkish the entir list knot found,0,0.83311236,0.044742696,0.038640585,0,0.028352654,0.944848295
 check webtoon everyday naver webtoon all webtoon sort popular view count updat easili find one 're look use read histori menu continu read last page read '48-hour temporari save enjoy webtoon offlin you also 'notif notifi soon favorit webtoon updat If question problem use pleas feel leav inquiri naver webtoon custom center set naver webtoon custom center,0.33846924,0,0.2066783,0,0.118847296,0.12333984,0.787334676
 artrag android realist paint draw give toolkit fill tool work real thing smear blend thick oil screen sketch pencil smudg stroke creat gradient work would canva paper each tool includ set mirror real world properti paint thinner pencil soft familiar properti the includ rang default preset everi tool easili creat special custom preset It also support pressur data samsung s-pen add element natur express paint stroke along full rang familiar tool oil brush ink pen pencil tool artrag includ import digit layer blend mode fill tool abil add refer trace imag draw artrag android come intuit interfac keep import set readili avail get way work creativ flow n't interrupt artrag paint fulli compat desktop version artrag also export png jpg imag you import photo paint layer refer imag trace imag record paint script file playback larger resolut desktop softwar tool oil brush watercolor airbrush palett knife paint roller paint tube ink pen pencil felt pen wax/chalk pastel eras flood fill glitter tube gloop pen each tool rang set reflect familiar properti paint thinner pencil tip soft tool appli textur well color blend brush add unlimit layer paint adjust visibl opac rearrang merg artrag also support full rang photoshop layer blend mode interfac design compact oper differ resolut screen orient the interfac design maxim creativ space without hide away critic function tool color select As paint get way dont stop manual adjust panel with support multi-touch gestur canva manipul undo/redo brush size import shortcut avail without need menu also support stylus-onli mode avoid accident finger paint help support includ built manual free product support avail via forum email support team pleas contact us encount issu forum support permiss artrag android requir access storag camera media devic order load open export import resourc artrag It requir network licenc connect googl play licenc pen.up artrag use offlin If licenc problem see also thank Bo paweena fantast screenshot,0.0207913,0,0.028372116,0.02472085,0,0.8875575,0.961441766
 b'record road video sinc dailyroad voyag work car blackbox dash cam auto dvr continu captur video photo journey the automat record everyth import event retain futur refer evid you choos keep simpli touch screen even drive the video evid invalu case accid insur fraud polic abus protect crash-for-cash scam differ opinion driver key continu video record user-defin length video qualiti sound includ user-defin storag space SD card cyclic record i.e card never fill one-touch video protect allow keep video file interest road event whole journey auto-protect video upon sudden shock e.g accid configur g-forc sensit automat captur photo user-defin interv resolut great time-laps photographi background video/photo captur option button applic auto start shutdown base car dock detect bluetooth option videos/photo timestamp geotag automat determin street address protect videos/photo display videos/photo locat map display speed elev timestamp gp coordin videos/photo option chang speed unit km/h mph date format overh protect gp disabl reduc power consumpt bright adjust option allow less distract drive night built-in file manag video/photo browser add title/description/bookmark file camera select instal upload googl drive dropbox dailyroad custom server app2sd pro version ad camera select instal upload googl drive dropbox custom server option automat start devic boot bluetooth connect video overlay credit server enjoy safe journey work combin video set variou phone model review interact demo futur plan,0.04438148,0,0.06096534,0.7939657,0,0.04290343,0.94221595
 tini scanner pro the littl scan everyth scan document photo receipt anyth lightn fast gorgeous design phone tablet IS that A scanner IN your pocket tini scanner turn devic pdf portabl scanner scan save phone imag pdf name organ scan folder share email dropbox evernot googl drive onedr box wifi directli comput tini scanner big need scan color grayscal black white page edg detect automag level contrast crisp monochrom text set page size pdf letter legal A4 thumbnail list view sort scan date titl quick search document titl protect document passcod univers singl work phone tablet got question CA n't figur out how TO DO someth pleas email us tinyscan.a appxy.com well help figur permiss overview storag tini scanner need permiss read photo galleri store doc phone camera tini scanner need permiss camera scan doc follow us twitter appxy_offici like us facebook appxi follow us google+ appxi,0,0.15948537,0.06404,0,0.059124805,0.6332119,0.915862075
" the U launcher lite popular launcher latest live launcher android give youbest 3D effectsof experi andnew phone theme inspir U launcher lite pro version avail everyon who launcher fan there help function amaz brand experi with daili updat theme android chang smartphon phone U launcher pro thousand HD wallpap 3D theme android safe slim smart speed custom variou android oper system U launcher pro bring well-design launcher theme combin best pixel wallpap stylish uniqu highlight quickli easili home screen shine with U launcher pro recommend highlight wouldnt miss NO ad ad everywher NO could n't happen U launcher pro start launch without annoy ad variou ador theme 10,000+ HD wallpap decor smart phone everyday problem there thousand custom theme theme store choic phone theme latest wallpapersbr smooth interfac experi daili updat abstract cool tech luxuri stylish theme live wallpap person phone diy customiz interfac home screen get cool amaz mobil interfac home screen simpl click with launch becom design choos favourit background beautifi suitabl icon pack diy person theme hide app lock screen your privaci inform app secur U launcher pro use two finger swipe screen easier manag home scree set hide unhid app special folder go set save password tap edit icon hide app want protect privaci around quick search custom sort the quick search function could assist find frequently-us app search conveni other use tool cleaner shuffl flashlight U launcher pro person set custom launcher magic widget power anim engin effect widget you set effect snowflak shin point snow flower It bring magic transit effect experi sound nice It simpl eleg yet power tri U launcher pro faq how find hide app pinch slightli two finger screen outsid zoom home screen app drawer find hide app set password how access U launcher pro widget bar long press gestur home screen 3.how access screen manag menu pinch gestur two finger home screen swipe find quick set page U launcher pro compat almost android devic feel free follow us facebook email support u-launcher.com G+ websit",0.018379482,0.020067431,0.90246135,0.024003627,0,0,0.96491189
 dont let away offic slow busi experi secur product meet wherev cisco webex meet deliv billion meet per month offer industry-lead video audio conferenc share chat experi webex meet trust video conferenc solut today gener join present meet event train session hands-fre voic command googl assist googl home hub seamless join directli calendar customiz widget schedul meet playback record directli customiz video layout virtual background share screen everyon want learn see follow us twitter facebook By instal applic accept term servic privaci statement consent receiv commun updat upgrad cisco webex servic cisco webex may collect meet usag data person inform email address comput devic what new version 41.2 usabl improv bug fix old inform transfer collabhelp usag guid requir android OS 6.0+ dual-cor cpu requir video webex servic avail countri see inform,0.07169846,0.7187657,0.055187523,0.061593164,0,0,0.907244847
 b'see car realtim obd fault code car perform sensor data car scanner vehicl car perform trip comput diagnost tool scanner use obd II wi-fi bluetooth adapt connect obd2 engin manag ecu car scanner give bunch uniqu layout dashboard gaug chart want add custom extend pid inform hidden car manufactur It also show reset dtc fault code scantool car scanner includ huge databas dtc code descript car scanner allow read free-fram sensor state dtc save now mode ecu self-monitor test result help fix car help keep repair cost check car readi emiss test check sensor one screen car scanner work vehicl use obd standard vehicl built work vehicl far back check carscanner.info detail car scanner includ lot connect profil give extra toyota mitsubishi GM opel vauxhal chevrolet nissan infin renault hyundai kia mazda skyactiv other car scanner dashboard includ hud mode project data windshield car scanner provid tool accur acceler measur 0-60 0-100 etc car scanner use trip comput show fuel consumpt statist for car vag group volkswagen audi skoda seat built mqb pq26 platform encod function avail set hidden paramet car and one thing car scanner provid widest varieti free across play market the requir wi-fi bluetooth bluetooth 4.0 bluetooth LE obd2 elm327 compat adapt devic work elm327 devic plug diagnost socket car give phone access car diagnost recommend adapt brand kiwi viecar v-gate carista lelink veepeak If buy one cheap china obd2 elm327 adapt ebay amazon sure mark v.2.1 thi adapt support lot bug pleas note vehicl ecu vari amount sensor support thi cant show someth provid car attent `` bad adapt We face problem adapt often cheep chines clone cant connect smartphon car some even car engin work unstabl often lost connect increas time lag read data So recommend genuin elm327 recommend adapt brand,0.9052746,0,0.020299343,0,0.018673828,0.021958578,0.966206349
 b'what medibang paint medibang paint free lightweight digit paint comic creation program come load brush font pre-mad background resourc medibang paint avail window mac OS X android io the use cloud save allow user easili transfer work platform the android version allow illustr draw anywher want retain desktop version softwar medibang paint includ mani differ creativ tool illustr comic book artist some includ numer brush screenton background cloud font comic creation tool final regist medibang site give user access cloud storag easili manag backup share work want know medibang paint paint comic anywher smartphon thi come almost mani desktop paint program it interfac made specif smartphon user easili paint chang brush size color problem color intuit chang hsv mode paint tool use brush draw varieti color spectacl A great select avail airbrush pencil watercolor G pen map pen sumi flat brush round brush acryl school pen turnip pen draw pen soft pastel multi brush salad brush forc fade out make line sharp even your draw finger access ton resourc user access tone textur background word balloon there premad background includ citi scene vehicl cut user workload tone textur background drag drop pictur they also rotat scale transform freeli free comic book font give comic profession look depend font atmospher comic chang enorm have right font right scene charact import creat comic panel easili just drag across canva divid panel panel you transform add color panel creat stress draw medibang paint interfac extrem simpl user friendli new user easili pick program begin make comic illustr user custom shortcut make product even easier draw effici snap guid draw perspect easi pen correct help line draw smooth easili edit work with layer draw differ thing differ layer draw charact hair hairstyl one layer chang without redraw entir head use photo draw pictur you take photo place layer then creat layer top trace thi particularli use draw background ad dialog speech text you add dialog comic voic text featur Of cours still keyboard want longer dialog work other matter file youv upload share other allow work togeth you featur work project sever peopl with one singl click share work with one click upload work medibang art commun work youv upload also share social network account easi even stuck there help featur extern link for info click updat news also post twitter facebook,0,0,0.020765657,0.025221338,0.017675461,0.9055276,0.969190056
 b'slack bring team commun collabor one place work done whether belong larg enterpris small busi check to-do list move project forward bring right peopl convers tool inform need togeth slack avail devic find access team work whether your desk go use slack commun team organ convers topic project anyth els matter work messag call person group within team share edit document collabor right peopl slack integr workflow tool servic alreadi includ googl drive salesforc dropbox asana twitter zendesk easili search central knowledg base automat index archiv team past convers file custom notif stay focus matter scientif proven least rumor work life simpler pleasant product We hope youll give slack tri stop learn have troubl pleas reach feedback slack.com,0.06818426,0.66915894,0,0.06474511,0,0.08516978,0.88725809
 b'download mobil discoveral beauti possibl holiday season findth best giftsinmakeup skincar haircareplu shade match color swatch favorit makeup haircar glamlab virtual beauti try-on experi then check ultam reward account redeem point anytim anywher book appoint nearest ulta beauti salon snap treat beauti servic hair skin shop categori filter brand price best seller arriv plu tri look buy use glamlab easili find product use barcod scanner view product info rate review save favorit QR code support use voic search search brand product simpli speak name view weekli ad gift purchas exclus gift guid holiday sale virtual tri thousand look glamlab from hair color lash try-on foundat shade matcher swatch color match product top brand urban decay anastasia beverli hill too face nyx mac find perfect shade match use foundat shade matcher tool glamlab get custom skincar routin minut use dermalogica skin analysi tool send egift card gift card mail mobil devicefor perfect stock stuffer feel love sign ulta beauti ultam reward program access exist ultam reward account view bonu offer current statu point balanc learn appli ultam reward credit cardanoth excit way beauti love back get latest skincar tip trend monthli skin-fatu featur haircar tip monthli style roundup hair hero find haircar skincar routin that right use virtual hair color tri glamlab dermalogica skin analysi tool opt-in push notif first know exclus offer onourfavoriteholiday gift brand upcom event nearest ulta beauti store well updat glamlab experi review ulta.com account order histori order track use store locat direct nearest ulta beauti store viewour holidayhour even book salon appoint share favorit product look favorit social network search quickli find recent view product use spotlight search,0.027247146,0,0.02270157,0.8820166,0.028172508,0,0.960137824
 welcom tapa your favorit explor ten thousand webcom novel enjoy quick laugh lose world beyond wildest imagin divers creator around world read internet addict stori popular up-and-com creator explor wide array stori major complet read earn ink unlock episod directli support favorit creator join commun connect reader creator whether romanc fantasi comedi dive expans librari stori guarante there stori wonder start check tapa seri they say I wa born A king 'S daughter tale murder reincarn royalti chock full humor avail exclus tapa webcom novel format download tapa start today free get IN touch mail us feedback tapas.io like us facebook tweet us twitter follow us instagram more info creator work hard awesom stori enjoy tapa let support passion pleas note tapa avail english time,0.39415014,0,0.23937851,0.14118473,0,0.11685151,0.89156489
" b'secur connect collabor celebr anywher with googl meet everyon safe creat join high-qual video meet group peopl meet safe video meet encrypt transit array safeti measur continu updat ad protect host larg meet invit particip meet whether theyr team outsid organ easi access devic share link invit team member join convers one click web browser googl meet mobil share screen present document slide confer call particip broadcast event team busi school view present live-stream event includ 100,000 in-domain viewer record later import event calendar hit record meet record file straight googl drive follow along live real-tim caption power googl speech-to-text technolog follow us twitter linkedin facebook",0,0.659702,0.061270747,0.08695376,0,0.075473875,0.883400382
 rememb star trek comput It final happen wolfram|alpha build year develop led stephen wolfram wolfram|alpha rapidli becom world definit sourc instant expert knowledg comput across thousand domain continu ad wolfram|alpha use vast collect algorithm data comput answer gener report part wolfram|alpha use appl siri assist give access full power wolfram|alpha comput knowledg engin domain cover wolfram|alpha includ mathemat elementari math number plot algebra matric calculu geometri trigonometri discret math number theori appli math logic function definit statist data analysi descript statist regress statist distribut probabl physic mechan electr magnet optic thermodynam rel nuclear physic quantum physic particl physic statist physic astrophys physic constant chemistri element compound ion quantiti solut reaction chemic thermodynam protect group materi alloy miner crystallographi plastic wood bulk materi engin acoust aeronaut electr circuit fluid mechan steam tabl psychrometr refriger structur astronomi star chart astronom event planet moon minor planet comet space weather star pulsar galaxi star cluster nebula astrophys earth scienc geolog geochronolog geodesi earthquak tide data atmospher climat life scienc anim plant dinosaur dna sequenc lookup snp protein human mous fruit fli genom metabol pathway comput scienc cellular automata substitut system ture machin comput complex algebra code fractal mathematica imag process unit measur convers comparison dimension analysi industri measur batteri bulk materi paint date time date comput time zone calendar holiday geolog time weather current histor weather forecast wind chill hurrican cloud climat place geographi map project geodesi navig distanc geomagnet geocod countri citi elev data ocean lake river island mountain peopl histori peopl genealog name occup polit leader histor event period countri histor numer money cultur media book period movi video game fiction charact mytholog televis network program award music music note interv chord scale audio waveform instrument song word linguist word properti dictionari lookup word puzzl anagram languag document length mors code soundex number name sport game footbal basebal olymp stadium lotteri card game color color name system color addit temperatur wavelength money financ stock data indic mutual fund futur mortgag present valu currenc convers tip bond deriv valuat wage sale tax socioeconom data demograph countri US state US counti citi econom agricultur energi salari unemploy cost live health care hous social statist crime militari religion health medicin bodi measur growth chart exercis diseas mortal data medic test data teeth vision drug data hospit food nutrit food dietari refer educ intern educ univers school district public school standard test organ compani hospit foundat intern organ transport airport airlin aircraft flight data road transport gasolin price bridg tunnel tide technolog world commun satellit space probe photographi barcod web comput system websit data IP lookup notabl comput data transfer port number string process hash unicod lookup,0.016914368,0,0.013827159,0.016681895,0,0.92948234,0.976905762
 b'amaz magic doodl game provid creativ doodl world doodl glow the glow art game full pleasant surpris simplest doodl way creat glow mandala magic kaleidoscop pattern playback paint process cartoon video clip glow magic brush endless beauti color get joy tri dont miss interest glow doodl art magic down load now your safeti privaci import us pleas read our privaci polici app accept download,0,0.075892635,0.088192806,0.16419883,0,0.5387074,0.866991671
 b'find listen everi moment choos binge-worthi audiobook exclus podcast bite-s audio content genre-bend audibl origin listen captiv storytel audibl part daili listen routin sign secur amazon account audibl premium plu audibl plu membership first day us unplug BY tune IN enjoy storytel transport feel good comedi podcast unwind medit titl tap detect skill mysteri true crime podcast you download stream listen audio book offlin hear captiv audio book listen podcast relax mind medit make audibl librari listen routin cant live without listen TO audio stori anytim our librari audio entertain alway open So come listen bite-s audio content true crime podcast daili news updat sci fi audiobook cook walk dog run work fold laundri your listen routin start download listen book podcast offlin dive engross true crime thriller mysteri fantasi sci-fi stori kid stori medit titl memoir documentari genre-bend audibl origin with monthli credit find audio content want includ bestsel releas discov latest greatest audio entertain audibl premium plu membership preview audibl plu new audibl catalog offer thousand audiobook podcast audio titl audibl premium plu build librari listen largest select audio titl entir premium select titl purchas credit keep even cancel mysteri thriller true crime sci-fi stori comedi podcast medit monthli credit pick titl want keep addit titl catalog plu access exclus deal discount If dont love titl purchas credit swap and access entir audibl plu catalog thousand binge-worthi audiobook exclus podcast audio entertain fresh audio content ad everi singl week plu listen offlin titl you download stream listen book audio entertain titl premium collect audibl plu catalog listen want and never lose place seamless cross-devic listen whispersync avail audio book titl podcast select across librari preview audibl plu select audio stori and titl explor audibl plu catalog anytim want credit necessari thousand binge-worthi audio book podcast audibl origin true crime podcast comedi podcast scifi audiobook kid book thriller listen book podcast thousand titl fresh audio content listen ad catalog everi singl week listen offlin you stream download want the compel stori told inspir voic listen storytel speak anytim anywher fall love book audibl amazon compani,0.91509503,0,0.026953636,0.01643864,0.015036632,0,0.973523938
 thi full-featur pro version award-win officesuit applic let easili view edit creat word excel powerpoint document convert pdf manag file the download offic googl play deliv exclus offic instal million devic countri grow preload top manufactur includ soni amazon acer alcatel toshiba sharp kyocera googl play editor choic infoworld 'S top mobil offic lifehack 'S best android offic app pcmag editor choic award key featur view creat edit complex offic document use familiar desktop-styl interfac full compat microsoft format includ doc docx docm xl xlsx xlsm ppt pptx pp ppsx pptm ppsm support pdf file includ pdf camera scan export pdf fillabl form addit support common format rtf txt log csv eml zip open offic odt od odp support avail in-app purchas integr file command advanc synchron quick easi access local remot file mobisystem drive store 15.0 GB document cloud new officesuit chat chat exchang document friend colleagu integr spell checker avail languag spell checker guarante work document slide sheet impecc written share via cloud servic officesuit drive box dropbox googl drive onedr well email bluetooth pdf secur edit includ digit signatur support permiss manag text pdf annot text-to-speech support document pdf view document way 're meant seen japanes extend extend japanes font pack avail add-on creat profil sync set across android io window desktop officesuit person licens devic chromecast dual screen support avail languag the latest officesuit IS special design around android Q and also includ new with officesuit chat easili send document collabor colleagu simpli chat friend go new sign officesuit now use phone number convert open file creat appl page number keynot app open multipl document work two document simultan use split-screen mode drag-and-drop support android open document creat one faster ever quick access notif drawer with enhanc mous support chromebook user work faster easier ever choos beauti theme creat great present protect individu sheet cell spreadsheet extra secur cast present across multipl devic network share cast use quick sign easili sign pdf use digit signatur how IS officesuit pro better than officesuit free secur work password protect file format painter word document track chang multipl author support insert pictur use camera extern file addit option excel includ insert filter condit format defin name import imag edit chart save csv interact form support pdf checkbox radio button text field etc legaci microsoft document format support .doc .xl .ppt along .odf format officesuit grant permissions-,0,0.017908365,0.8742454,0.01809558,0,0.057970643,0.968219988
 anim dream bring life flipaclip video anim tool frame-by-fram anim fun easi make art grow commun anim artist creat cartoon movi anim design uniqu excit anim everi day share anim creation world youtub instagram tiktok popular platform search flipaclip anim inspir whether your make movi sketch storyboard anim learn flipaclip provid best draw anim experi cartoon anim hand simpl intuit control easi learn power enough bring idea life learn photo anim frame-by-fram anim draw pictur turn anim gif draw video creat rotoscop video creat anim video cartoon pro flipaclip flipaclip come everyth need start anim draw cartoon frame-by-fram anim bring life add audio share anim work world creat video particip contest your anim photo could let win prize fun excit flipaclip challeng start anim flipaclip today flipaclip featur art draw tool make art practic tool brush lasso fill eras ruler shape insert text multipl font option paint custom canva size 1920x1920 draw pressure-sensit stylu support samsung S pen sonarpen support anim layer make art layer go pro add layer ye weve listen ad layer pleas note may experi perform issu ad layer video anim tool anim frame-by-fram super easi intuit anim timelin practic tool onion skin anim tool anim frame viewer guid anim overlay grid and creat A video with audio easili creat add edit audio clip use six audio track add dialogu anim voic record import audio file low cost get creativ popular curat sound fx audio packag anim photo video anim imag import draw top video video anim rotoscop creat video save anim movi mp4 gif file png sequenc transpar support post anim video youtub creat share movi share anim anywher post tiktok youtub instagram facebook tumblr video make contest particip kind challeng put win excit prize fun get inspir follow us instagram subscrib youtub channel get support have issu want share idea Go,0.01992893,0,0.020588938,0.89534724,0,0.028872257,0.964737365
